<mujoco>
 <compiler inertiafromgeom="true" angle="degree" coordinate="local" />
 <visual>
        <map fogstart="3" fogend="5" force="0.1" znear="0.5"/>
        <quality shadowsize="2048" offsamples="8"/>
        <global offwidth="800" offheight="800"/>
    </visual>
  <default>
    <joint limited="false" armature="0" damping="0" />
    <geom condim="3" conaffinity="1" margin="0" friction="1 0.5 0.5" rgba="0.8 0.6 0.4 1" density="100" />
  </default>
  <asset>
    <texture type="skybox" builtin="gradient" width="100" height="100" rgb1="1 1 1" rgb2="0 0 0" />
    <texture name="texgeom" type="cube" builtin="flat" mark="cross" width="127" height="1278" rgb1="0.8 0.6 0.4" rgb2="0.8 0.6 0.4" markrgb="1 1 1" random="0.01" />
    <texture name="texplane" type="2d" builtin="checker" rgb1="1 1 1" rgb2="1 1 1" width="100" height="100" />   
     <material  name='MatPlane' texture="texplane" shininess="1" texrepeat="30 30" specular="1"  reflectance="0.5" />
    <material name='geom' texture="texgeom" texuniform="true" />
  </asset>
  <option timestep="0.08" integrator="RK4" />
  <worldbody>
    <light directional="true" cutoff="100" exponent="1" diffuse="1 1 1" specular=".1 .1 .1" pos="0 0 1.3" dir="-0 0 -1.3" />

    <geom name='floor' friction="400 400 400"  material="MatPlane" pos='0 0 0' size='80 80 80' type='plane' conaffinity='0' rgba='0.8 0.9 0.8 0.2' condim='3' />
    
    <geom name="x1" type='box' pos='15 15 -0.1' size='0.2 2 0.0001' density='0'  rgba='1 0 0 1'/>
    <geom name="x2" type='box' pos='15 15 -0.1' size='2 0.2 0.0001' density='0'  rgba='1 0 0 1'/>
    
    <body name="point" pos="0 0 0">
      <joint type="slide" name="push_1" axis='1 0 0' damping='5'/>
      <joint type="slide" name="push_2" axis='0 1 0' damping='5'/>
      <geom name="arrow1" type="capsule" size="0.2 0.1 0.1" pos="-0.3 -2.4 0.5" rgba="0 0 0 1" />
      <geom name="arrow2" type="capsule" size="0.2 0.1 0.1" pos="0.3 -2.4 0.5" rgba="0 0 0 1"/>
      <geom name="point" friction='0.9' type="sphere" size="0.5" pos="0 -2 0.5" density="120" conaffinity='1' contype='1' rgba='0 0 2 3' />
    </body>
    
    <body name='walls' pos="0 0 0">
       <geom name="rod1" type="box" pos="30 0 0.0" size="1 30 1" density="100"/>
       <geom name="rod2" type="box" pos="-30 0 0.0" size="1 30 1" density="100"/>
       <geom name="rod3" type="box" pos="0 30 0.0" size="32 1 1" density="100"/>
       <geom name="rod4" type="box" pos="0 -30 0.0" size="30 1 1" density="100"/>
    </body>
    
    <body name='cylinder'>
      <geom name="cylinder"  type="cylinder" size="1 1 " pos=" 0  2  0" density="10"  conaffinity='1' contype='1' rgba='1 2 3 2' />
       <joint stiffness='0' name="goal_slidey" frictionloss="1" type="slide" pos="0 0 0" axis="0 1 0"  damping="10"/>
      <joint stiffness='0' name="goal_slidex" frictionloss="1" type="slide" pos="0 0 0" axis="1 0 0"  damping="10"/>
    </body>

  </worldbody>
  <actuator>
     <motor ctrllimited="true" ctrlrange="-50.0 50.0" joint='push_2' />
     <motor ctrllimited="true" ctrlrange="-50.0 50.0" joint='push_1' />
  </actuator>
</mujoco>
